{"US-Seattle-sea": {"Count": 5, "Samples": 274, "Percentage": 0.01824817518248175, "InfectionRate": "14785.807059893057"}, "US-New-York-nyc": {"Count": 13, "Samples": 242, "Percentage": 0.05371900826446281, "InfectionRate": "23956.748486221582"}, "US-New-Orleans-msy": {"Count": 9, "Samples": 329, "Percentage": 0.02735562310030395, "InfectionRate": "20314.294209317584"}, "US-Miami-mia": {"Count": 22, "Samples": 290, "Percentage": 0.07586206896551724, "InfectionRate": "41532.385698616825"}, "US-Los-Angeles-lax": {"Count": 26, "Samples": 313, "Percentage": 0.08306709265175719, "InfectionRate": "26002.163339826933"}, "US-Las-Vegas-las": {"Count": 14, "Samples": 313, "Percentage": 0.04472843450479233, "InfectionRate": "21542.14358664411"}, "US-Houston-hou": {"Count": 13, "Samples": 313, "Percentage": 0.04153354632587859, "InfectionRate": "20005.66479077933"}, "US-Denver-den": {"Count": 13, "Samples": 313, "Percentage": 0.04153354632587859, "InfectionRate": "21639.24913127001"}, "US-Chicago-chi": {"Count": 13, "Samples": 313, "Percentage": 0.04153354632587859, "InfectionRate": "20879.560206305232"}, "US-Charlotte-clt": {"Count": 12, "Samples": 313, "Percentage": 0.038338658146964855, "InfectionRate": "23119.07172114169"}, "US-Boston-bos": {"Count": 18, "Samples": 282, "Percentage": 0.06382978723404255, "InfectionRate": "24508.43194548623"}, "US-Ashburn-iad": {"Count": 5, "Samples": 274, "Percentage": 0.01824817518248175, "InfectionRate": "14912.051613152842"}, "SG-Singapore-sin": {"Count": 17, "Samples": 313, "Percentage": 0.054313099041533544, "InfectionRate": "5788.1221665122885"}, "RS-Belgrade-beg": {"Count": 17, "Samples": 274, "Percentage": 0.06204379562043796, "InfectionRate": "13700.71314365765"}, "PE-Lima-lim": {"Count": 9, "Samples": 274, "Percentage": 0.032846715328467155, "InfectionRate": "12191.964999764785"}, "NZ-Auckland-akl": {"Count": 21, "Samples": 313, "Percentage": 0.0670926517571885, "InfectionRate": "334.8241364529668"}, "MY-Kuala-Lumpur-kul": {"Count": 10, "Samples": 313, "Percentage": 0.03194888178913738, "InfectionRate": "12324.67386414755"}, "MD-Chisinau-kiv": {"Count": 27, "Samples": 274, "Percentage": 0.09854014598540146, "InfectionRate": "10772.260429756048"}, "CR-San-Jose-sjo": {"Count": 5, "Samples": 282, "Percentage": 0.01773049645390071, "InfectionRate": "13397.42298660768"}, "CL-Santiago-scl": {"Count": 9, "Samples": 274, "Percentage": 0.032846715328467155, "InfectionRate": "12100.888987865272"}, "CA-Toronto-tor": {"Count": 11, "Samples": 289, "Percentage": 0.03806228373702422, "InfectionRate": "6942.9582063465"}, "CA-Montreal-yul": {"Count": 17, "Samples": 274, "Percentage": 0.06204379562043796, "InfectionRate": "9992.405425646375"}, "BR-Sao-Paulo-gru": {"Count": 7, "Samples": 259, "Percentage": 0.02702702702702703, "InfectionRate": "10069.931979645313"}, "AU-Sydney-syd": {"Count": 29, "Samples": 313, "Percentage": 0.0926517571884984, "InfectionRate": "13589.788125153977"}, "AU-Perth-per": {"Count": 2, "Samples": 313, "Percentage": 0.006389776357827476, "InfectionRate": "55.57667452292254"}, "AU-Melbourne-mel": {"Count": 10, "Samples": 313, "Percentage": 0.03194888178913738, "InfectionRate": "12528.152762485104"}, "AU-Brisbane-bne": {"Count": 33, "Samples": 313, "Percentage": 0.10543130990415335, "InfectionRate": "7625.960316684586"}, "AU-Adelaide-adl": {"Count": 33, "Samples": 313, "Percentage": 0.10543130990415335, "InfectionRate": "6564.0762880728735"}, "AR-Buenos-Aires-eze": {"Count": 17, "Samples": 274, "Percentage": 0.06204379562043796, "InfectionRate": "18301.78956764036"}, "AL-Tirana-tia": {"Count": 24, "Samples": 290, "Percentage": 0.08275862068965517, "InfectionRate": "8830.565014941969"}}